file name,mie,telur,tomat,nasi,ikan,ayam,timun,selada,Jumlah label,Tipe label,Single label,,,,,,notes,
image_0001.jpg,1,0,0,0,0,0,0,0,1,Single,mie,,,,,,,
image_0002.jpg,1,0,0,0,0,0,0,0,1,Single,mie,,,,,,,
image_0003.jpg,1,0,0,0,0,0,0,0,1,Single,mie,Label makanan,Jumlah label,Jumlah single,jumlah multi,,,
image_0004.jpg,1,0,0,0,0,0,0,0,1,Single,mie,mie,137,100,37,,,
image_0005.jpg,1,0,0,0,0,0,0,0,1,Single,mie,telur,172,87,85,,,
image_0006.jpg,1,0,0,0,0,0,0,0,1,Single,mie,tomat,178,102,76,,,
image_0007.jpg,1,0,0,0,0,0,0,0,1,Single,mie,nasi,262,142,120,,,
image_0008.jpg,1,0,0,0,0,0,0,0,1,Single,mie,ikan,129,93,36,,,
image_0009.jpg,1,0,0,0,0,0,0,0,1,Single,mie,ayam,167,95,72,,,
image_0010.jpg,1,0,0,0,0,0,0,0,1,Single,mie,timun,168,79,89,,,
image_0011.jpg,1,0,0,0,0,0,0,0,1,Single,mie,selada,139,80,59,,,
image_0012.jpg,1,0,0,0,0,0,0,0,1,Single,mie,Total,1352,778,574,,,
image_0013.jpg,1,0,0,0,0,0,0,0,1,Single,mie,,,,,,,
image_0014.jpg,1,0,0,0,0,0,0,0,1,Single,mie,,,,,,,
image_0015.jpg,1,0,0,0,0,0,0,0,1,Single,mie,,,,,,,
image_0016.jpg,1,0,0,0,0,0,0,0,1,Single,mie,,,,,,,
image_0017.jpg,1,0,0,0,0,0,0,0,1,Single,mie,,,,,,kosong,done
image_0018.jpg,1,0,0,0,0,0,0,0,1,Single,mie,,,,,,,
image_0019.jpg,1,0,0,0,0,0,0,0,1,Single,mie,,,,,,,
image_0020.jpg,1,0,0,0,0,0,0,0,1,Single,mie,,,,,,,
image_0021.jpg,1,0,0,0,0,0,0,0,1,Single,mie,,,,,,,
image_0022.jpg,1,0,0,0,0,0,0,0,1,Single,mie,,,,,,,
image_0023.jpg,1,0,0,0,0,0,0,0,1,Single,mie,,,,,,,
image_0024.jpg,1,0,0,0,0,0,0,0,1,Single,mie,,,,,,,
image_0025.jpg,1,0,0,0,0,0,0,0,1,Single,mie,,,,,,,
image_0026.jpg,1,0,0,0,0,0,0,0,1,Single,mie,,,,,,,
image_0027.jpg,1,0,0,0,0,0,0,0,1,Single,mie,,,,,,,
image_0028.jpg,1,0,0,0,0,0,0,0,1,Single,mie,,,,,,,
image_0029.jpg,1,0,0,0,0,0,0,0,1,Single,mie,,,,,,,
image_0030.jpg,1,0,0,0,0,0,0,0,1,Single,mie,,,,,,,
image_0031.jpg,1,0,0,0,0,0,0,0,1,Single,mie,,,,,,,
image_0032.jpg,1,0,0,0,0,0,0,0,1,Single,mie,,,,,,,
image_0033.jpg,1,0,0,0,0,0,0,0,1,Single,mie,,,,,,,
image_0034.jpg,1,0,0,0,0,0,0,0,1,Single,mie,,,,,,,
image_0035.jpg,1,0,0,0,0,0,0,0,1,Single,mie,,,,,,,
image_0036.jpg,1,0,0,0,0,0,0,0,1,Single,mie,,,,,,,
image_0037.jpg,1,0,0,0,0,0,0,0,1,Single,mie,,,,,,,
image_0038.jpg,1,0,0,0,0,0,0,0,1,Single,mie,,,,,,,
image_0039.jpg,1,0,0,0,0,0,0,0,1,Single,mie,,,,,,,
image_0040.jpg,1,0,0,0,0,0,0,0,1,Single,mie,,,,,,,
image_0041.jpg,1,0,0,0,0,0,0,0,1,Single,mie,,,,,,,
image_0042.jpg,1,0,0,0,0,0,0,0,1,Single,mie,,,,,,blur,done
image_0043.jpg,1,0,0,0,0,0,0,0,1,Single,mie,,,,,,,
image_0044.jpg,1,0,0,0,0,0,0,0,1,Single,mie,,,,,,,
image_0045.jpg,1,0,0,0,0,0,0,0,1,Single,mie,,,,,,,
image_0046.jpg,1,0,0,0,0,0,0,0,1,Single,mie,,,,,,,
image_0047.jpg,1,0,0,0,0,0,0,0,1,Single,mie,,,,,,,
image_0048.jpg,1,0,0,0,0,0,0,0,1,Single,mie,,,,,,,
image_0049.jpg,1,0,0,0,0,0,0,0,1,Single,mie,,,,,,,
image_0050.jpg,1,0,0,0,0,0,0,0,1,Single,mie,,,,,,,
image_0051.jpg,1,0,0,0,0,0,0,0,1,Single,mie,,,,,,,
image_0052.jpg,1,0,0,0,0,0,0,0,1,Single,mie,,,,,,,
image_0053.jpg,1,0,0,0,0,0,0,0,1,Single,mie,,,,,,,
image_0054.jpg,1,0,0,0,0,0,0,0,1,Single,mie,,,,,,,
image_0055.jpg,1,0,0,0,0,0,0,0,1,Single,mie,,,,,,,
image_0056.jpg,1,0,0,0,0,0,0,0,1,Single,mie,,,,,,kosong,
image_0057.jpg,1,0,0,0,0,0,0,0,1,Single,mie,,,,,,,
image_0058.jpg,1,0,0,0,0,0,0,0,1,Single,mie,,,,,,,
image_0059.jpg,1,0,0,0,0,0,0,0,1,Single,mie,,,,,,,
image_0060.jpg,1,0,0,0,0,0,0,0,1,Single,mie,,,,,,,
image_0061.jpg,1,0,0,0,0,0,0,0,1,Single,mie,,,,,,kosong,
image_0062.jpg,1,0,0,0,0,0,0,0,1,Single,mie,,,,,,,
image_0063.jpg,1,0,0,0,0,0,0,0,1,Single,mie,,,,,,,
image_0064.jpg,1,0,0,0,0,0,0,0,1,Single,mie,,,,,,,
image_0065.jpg,1,0,0,0,0,0,0,0,1,Single,mie,,,,,,,
image_0066.jpg,1,0,0,0,0,0,0,0,1,Single,mie,,,,,,,
image_0067.jpg,1,0,0,0,0,0,0,0,1,Single,mie,,,,,,,
image_0068.jpg,1,0,0,0,0,0,0,0,1,Single,mie,,,,,,,
image_0069.jpg,1,0,0,0,0,0,0,0,1,Single,mie,,,,,,,
image_0070.jpg,1,0,0,0,0,0,0,0,1,Single,mie,,,,,,,
image_0071.jpg,1,0,0,0,0,0,0,0,1,Single,mie,,,,,,,
image_0072.jpg,1,0,0,0,0,0,0,0,1,Single,mie,,,,,,,
image_0073.jpg,1,0,0,0,0,0,0,0,1,Single,mie,,,,,,,
image_0074.jpg,1,0,0,0,0,0,0,0,1,Single,mie,,,,,,,
image_0075.jpg,1,0,0,0,0,0,0,0,1,Single,mie,,,,,,,
image_0076.jpg,1,0,0,0,0,0,0,0,1,Single,mie,,,,,,,
image_0077.jpg,1,0,0,0,0,0,0,0,1,Single,mie,,,,,,,
image_0078.jpg,1,0,0,0,0,0,0,0,1,Single,mie,,,,,,,
image_0079.jpg,1,0,0,0,0,0,0,0,1,Single,mie,,,,,,,
image_0080.jpg,1,0,0,0,0,0,0,0,1,Single,mie,,,,,,,
image_0081.jpg,1,0,0,0,0,0,0,0,1,Single,mie,,,,,,,
image_0082.jpg,1,0,0,0,0,0,0,0,1,Single,mie,,,,,,,
image_0083.jpg,1,0,0,0,0,0,0,0,1,Single,mie,,,,,,,
image_0084.jpg,1,0,0,0,0,0,0,0,1,Single,mie,,,,,,,
image_0085.jpg,1,0,0,0,0,0,0,0,1,Single,mie,,,,,,,
image_0086.jpg,1,0,0,0,0,0,0,0,1,Single,mie,,,,,,,
image_0087.jpg,1,0,0,0,0,0,0,0,1,Single,mie,,,,,,,
image_0088.jpg,1,0,0,0,0,0,0,0,1,Single,mie,,,,,,,
image_0089.jpg,1,0,0,0,0,0,0,0,1,Single,mie,,,,,,,
image_0090.jpg,1,0,0,0,0,0,0,0,1,Single,mie,,,,,,,
image_0091.jpg,1,0,0,0,0,0,0,0,1,Single,mie,,,,,,,
image_0092.jpg,1,0,0,0,0,0,0,0,1,Single,mie,,,,,,,
image_0093.jpg,1,0,0,0,0,0,0,0,1,Single,mie,,,,,,,
image_0094.jpg,1,0,0,0,0,0,0,0,1,Single,mie,,,,,,,
image_0095.jpg,1,0,0,0,0,0,0,0,1,Single,mie,,,,,,,
image_0096.jpg,1,0,0,0,0,0,0,0,1,Single,mie,,,,,,,
image_0097.jpg,1,0,0,0,0,0,0,0,1,Single,mie,,,,,,,
image_0098.jpg,1,1,0,0,0,0,0,0,2,Multi,,,,,,,,
image_0099.jpg,1,1,0,0,0,0,0,0,2,Multi,,,,,,,,
image_0100.jpg,1,1,0,0,0,0,0,0,2,Multi,,,,,,,,
image_0101.jpg,1,1,0,0,0,0,0,1,3,Multi,,,,,,,,
image_0102.jpg,1,1,0,0,0,1,0,0,3,Multi,,,,,,,,
image_0103.jpg,1,1,0,0,0,0,0,0,2,Multi,,,,,,,,
image_0104.jpg,1,1,1,0,0,0,0,0,3,Multi,,,,,,,,
image_0105.jpg,1,1,0,0,0,0,0,0,2,Multi,,,,,,,,
image_0106.jpg,1,1,0,0,0,0,0,1,3,Multi,,,,,,,ganti,
image_0107.jpg,1,0,0,0,0,0,0,0,1,Single,mie,,,,,,,
image_0108.jpg,1,1,0,0,0,0,0,1,3,Multi,,,,,,,,
image_0109.jpg,1,1,0,0,0,0,0,0,2,Multi,,,,,,,,
image_0110.jpg,1,1,0,0,0,0,0,0,2,Multi,,,,,,,ganti,
image_0111.jpg,1,0,0,0,0,0,0,1,2,Multi,,,,,,,,
image_0112.jpg,1,1,0,0,0,0,1,0,3,Multi,,,,,,,,
image_0113.jpg,1,0,0,0,0,0,0,0,1,Single,mie,,,,,,,
image_0114.jpg,1,0,0,0,0,0,0,1,2,Multi,,,,,,,,
image_0115.jpg,1,1,0,0,0,0,0,0,2,Multi,,,,,,,,
image_0116.jpg,1,0,1,0,0,0,1,0,3,Multi,,,,,,,,
image_0117.jpg,1,1,0,0,0,0,0,0,2,Multi,,,,,,,ilang (selada),done
image_0118.jpg,1,1,1,0,0,0,1,1,5,Multi,,,,,,,,
image_0119.jpg,1,1,0,0,0,0,0,0,2,Multi,,,,,,,,
image_0120.jpg,1,1,0,0,0,0,0,0,2,Multi,,,,,,,ganti,
image_0121.jpg,1,1,0,0,0,0,0,1,3,Multi,,,,,,,,
image_0122.jpg,1,0,1,0,0,0,0,0,2,Multi,,,,,,,,
image_0123.jpg,1,1,0,0,0,0,0,0,2,Multi,,,,,,,,
image_0124.jpg,1,1,1,0,0,0,0,1,4,Multi,,,,,,,,
image_0125.jpg,1,0,0,0,0,0,0,0,1,Single,mie,,,,,,,
image_0126.jpg,1,1,0,0,0,0,0,0,2,Multi,,,,,,,,
image_0127.jpg,1,0,0,0,0,0,1,0,2,Multi,,,,,,,ganti,
image_0128.jpg,1,0,1,0,0,0,0,1,3,Multi,,,,,,,ganti,
image_0129.jpg,1,0,0,0,0,0,0,1,2,Multi,,,,,,,,
image_0130.jpg,1,1,0,0,0,1,0,0,3,Multi,,,,,,,,
image_0131.jpg,1,0,0,0,0,0,1,0,2,Multi,,,,,,,,
image_0132.jpg,1,0,1,0,0,0,1,0,3,Multi,,,,,,,,
image_0133.jpg,1,1,1,0,0,0,0,0,3,Multi,,,,,,,,
image_0134.jpg,1,0,0,0,0,0,0,1,2,Multi,,,,,,,ganti,
image_0135.jpg,0,1,0,0,0,0,0,0,1,Single,telur,,,,,,,
image_0136.jpg,0,1,0,0,0,0,0,0,1,Single,telur,,,,,,,
image_0137.jpg,0,1,0,0,0,0,0,0,1,Single,telur,,,,,,,
image_0138.jpg,0,1,0,0,0,0,0,0,1,Single,telur,,,,,,,
image_0139.jpg,0,1,0,0,0,0,0,0,1,Single,telur,,,,,,,
image_0140.jpg,0,1,0,0,0,0,0,0,1,Single,telur,,,,,,,
image_0141.jpg,0,1,0,0,0,0,0,0,1,Single,telur,,,,,,,
image_0142.jpg,0,1,0,0,0,0,0,0,1,Single,telur,,,,,,,
image_0143.jpg,0,1,0,0,0,0,0,0,1,Single,telur,,,,,,,
image_0144.jpg,0,1,0,0,0,0,0,0,1,Single,telur,,,,,,,
image_0145.jpg,0,1,0,0,0,0,0,0,1,Single,telur,,,,,,ganti,
image_0146.jpg,0,1,0,0,0,0,0,0,1,Single,telur,,,,,,,
image_0147.jpg,0,1,0,0,0,0,0,0,1,Single,telur,,,,,,,
image_0148.jpg,0,1,0,0,0,0,0,0,1,Single,telur,,,,,,,
image_0149.jpg,0,1,0,0,0,0,0,0,1,Single,telur,,,,,,,
image_0150.jpg,0,1,0,0,0,0,0,0,1,Single,telur,,,,,,,
image_0151.jpg,0,1,0,0,0,0,0,0,1,Single,telur,,,,,,,
image_0152.jpg,0,1,0,0,0,0,0,0,1,Single,telur,,,,,,,
image_0153.jpg,0,1,0,0,0,0,0,0,1,Single,telur,,,,,,,
image_0154.jpg,0,1,0,0,0,0,0,0,1,Single,telur,,,,,,,
image_0155.jpg,0,1,0,0,0,0,0,0,1,Single,telur,,,,,,,
image_0156.jpg,0,1,0,0,0,0,0,0,1,Single,telur,,,,,,,
image_0157.jpg,0,1,0,0,0,0,0,0,1,Single,telur,,,,,,,
image_0158.jpg,0,1,0,0,0,0,0,0,1,Single,telur,,,,,,,
image_0159.jpg,0,1,0,0,0,0,0,0,1,Single,telur,,,,,,,
image_0160.jpg,0,1,0,0,0,0,0,0,1,Single,telur,,,,,,,
image_0161.jpg,0,1,0,0,0,0,0,0,1,Single,telur,,,,,,,
image_0162.jpg,0,1,0,0,0,0,0,0,1,Single,telur,,,,,,,
image_0163.jpg,0,1,0,0,0,0,0,0,1,Single,telur,,,,,,,
image_0164.jpg,0,1,0,0,0,0,0,0,1,Single,telur,,,,,,,
image_0165.jpg,0,1,0,0,0,0,0,0,1,Single,telur,,,,,,,
image_0166.jpg,0,1,0,0,0,0,0,0,1,Single,telur,,,,,,,
image_0167.jpg,0,1,0,0,0,0,0,0,1,Single,telur,,,,,,,
image_0168.jpg,0,1,0,0,0,0,0,0,1,Single,telur,,,,,,,
image_0169.jpg,0,1,0,0,0,0,0,0,1,Single,telur,,,,,,g,
image_0170.jpg,0,1,0,0,0,0,0,0,1,Single,telur,,,,,,,
image_0171.jpg,0,1,0,0,0,0,0,0,1,Single,telur,,,,,,,
image_0172.jpg,0,1,0,0,0,0,0,0,1,Single,telur,,,,,,,
image_0173.jpg,0,1,0,0,0,0,0,0,1,Single,telur,,,,,,,
image_0174.jpg,0,1,0,0,0,0,0,0,1,Single,telur,,,,,,,
image_0175.jpg,0,1,0,0,0,0,0,0,1,Single,telur,,,,,,,
image_0176.jpg,0,1,0,0,0,0,0,0,1,Single,telur,,,,,,,
image_0177.jpg,0,1,0,0,0,0,0,0,1,Single,telur,,,,,,,
image_0178.jpg,0,1,0,0,0,0,0,0,1,Single,telur,,,,,,,
image_0179.jpg,0,1,0,0,0,0,0,0,1,Single,telur,,,,,,,
image_0180.jpg,0,1,0,0,0,0,0,0,1,Single,telur,,,,,,,
image_0181.jpg,0,1,0,0,0,0,0,0,1,Single,telur,,,,,,,
image_0182.jpg,0,1,0,0,0,0,0,0,1,Single,telur,,,,,,,
image_0183.jpg,0,1,0,0,0,0,0,0,1,Single,telur,,,,,,,
image_0184.jpg,0,1,0,0,0,0,0,0,1,Single,telur,,,,,,,
image_0185.jpg,0,1,0,0,0,0,0,0,1,Single,telur,,,,,,,
image_0186.jpg,0,1,0,0,0,0,0,0,1,Single,telur,,,,,,ganti,
image_0187.jpg,0,1,0,0,0,0,0,0,1,Single,telur,,,,,,,
image_0188.jpg,0,1,0,0,0,0,0,0,1,Single,telur,,,,,,ganti,
image_0189.jpg,0,1,0,0,0,0,0,0,1,Single,telur,,,,,,,
image_0190.jpg,0,1,0,0,0,0,0,0,1,Single,telur,,,,,,,
image_0191.jpg,0,1,0,0,0,0,0,0,1,Single,telur,,,,,,,
image_0192.jpg,0,1,0,0,0,0,0,0,1,Single,telur,,,,,,,
image_0193.jpg,0,1,0,0,0,0,0,0,1,Single,telur,,,,,,,
image_0194.jpg,0,1,0,0,0,0,0,0,1,Single,telur,,,,,,,
image_0195.jpg,0,1,0,0,0,0,0,0,1,Single,telur,,,,,,,
image_0196.jpg,0,1,0,0,0,0,0,0,1,Single,telur,,,,,,,
image_0197.jpg,0,1,0,0,0,0,0,0,1,Single,telur,,,,,,ganti,
image_0198.jpg,0,1,0,0,0,0,0,0,1,Single,telur,,,,,,,
image_0199.jpg,0,1,0,0,0,0,0,0,1,Single,telur,,,,,,,
image_0200.jpg,0,1,0,0,0,0,0,0,1,Single,telur,,,,,,ganti,
image_0201.jpg,0,1,0,0,0,0,0,0,1,Single,telur,,,,,,,
image_0202.jpg,0,1,0,0,0,0,0,0,1,Single,telur,,,,,,ganti,
image_0203.jpg,0,1,0,0,0,0,0,0,1,Single,telur,,,,,,,
image_0204.jpg,0,1,0,0,0,0,0,0,1,Single,telur,,,,,,,
image_0205.jpg,0,1,0,0,0,0,0,0,1,Single,telur,,,,,,,
image_0206.jpg,0,1,0,0,0,0,0,0,1,Single,telur,,,,,,,
image_0207.jpg,0,1,0,0,0,0,0,0,1,Single,telur,,,,,,,
image_0208.jpg,0,1,0,0,0,0,0,0,1,Single,telur,,,,,,,
image_0209.jpg,0,1,0,0,0,0,0,0,1,Single,telur,,,,,,,
image_0210.jpg,0,1,0,0,0,0,0,0,1,Single,telur,,,,,,,
image_0211.jpg,0,1,0,0,0,0,0,0,1,Single,telur,,,,,,,
image_0212.jpg,0,1,0,0,0,0,0,0,1,Single,telur,,,,,,ganti,
image_0213.jpg,0,1,0,0,0,0,0,0,1,Single,telur,,,,,,,
image_0214.jpg,0,1,0,0,0,0,0,0,1,Single,telur,,,,,,ganti,
image_0215.jpg,0,1,0,0,0,0,0,0,1,Single,telur,,,,,,,
image_0216.jpg,0,1,0,0,0,0,0,0,1,Single,telur,,,,,,,
image_0217.jpg,0,1,0,0,0,0,0,0,1,Single,telur,,,,,,,
image_0218.jpg,0,1,0,0,0,0,0,0,1,Single,telur,,,,,,,
image_0219.jpg,0,1,0,0,0,0,0,0,1,Single,telur,,,,,,ganti,
image_0220.jpg,0,1,0,0,0,0,0,0,1,Single,telur,,,,,,ganti,
image_0221.jpg,0,1,0,0,0,0,0,0,1,Single,telur,,,,,,,
image_0222.jpg,0,1,0,1,0,0,0,0,2,Multi,,,,,,,ganti,
image_0223.jpg,0,1,0,1,0,0,0,0,2,Multi,,,,,,,,
image_0224.jpg,0,1,0,1,0,0,0,0,2,Multi,,,,,,,,
image_0225.jpg,0,1,0,1,0,0,1,0,3,Multi,,,,,,,,
image_0226.jpg,0,1,1,1,0,0,1,0,4,Multi,,,,,,,label ilang kecuali tomat,
image_0227.jpg,0,1,0,1,0,0,0,0,2,Multi,,,,,,,ganti,
image_0228.jpg,0,0,1,0,0,0,0,0,1,Single,tomat,,,,,,,
image_0229.jpg,0,0,1,0,0,0,0,0,1,Single,tomat,,,,,,,
image_0230.jpg,0,0,1,0,0,0,0,0,1,Single,tomat,,,,,,,
image_0231.jpg,0,0,1,0,0,0,0,0,1,Single,tomat,,,,,,,
image_0232.jpg,0,0,1,0,0,0,0,0,1,Single,tomat,,,,,,,
image_0233.jpg,0,0,1,0,0,0,0,0,1,Single,tomat,,,,,,,
image_0234.jpg,0,0,1,0,0,0,0,0,1,Single,tomat,,,,,,,
image_0235.jpg,0,0,1,0,0,0,0,0,1,Single,tomat,,,,,,,
image_0236.jpg,0,0,1,0,0,0,0,0,1,Single,tomat,,,,,,,
image_0237.jpg,0,0,1,0,0,0,0,0,1,Single,tomat,,,,,,,
image_0238.jpg,0,0,1,0,0,0,0,0,1,Single,tomat,,,,,,,
image_0239.jpg,0,0,1,0,0,0,0,0,1,Single,tomat,,,,,,,
image_0240.jpg,0,0,1,0,0,0,0,0,1,Single,tomat,,,,,,,
image_0241.jpg,0,0,1,0,0,0,0,0,1,Single,tomat,,,,,,,
image_0242.jpg,0,0,1,0,0,0,0,0,1,Single,tomat,,,,,,,
image_0243.jpg,0,0,1,0,0,0,0,0,1,Single,tomat,,,,,,,
image_0244.jpg,0,0,1,0,0,0,0,0,1,Single,tomat,,,,,,,
image_0245.jpg,0,0,1,0,0,0,0,0,1,Single,tomat,,,,,,,
image_0246.jpg,0,0,1,0,0,0,0,0,1,Single,tomat,,,,,,,
image_0247.jpg,0,0,1,0,0,0,0,0,1,Single,tomat,,,,,,,
image_0248.jpg,0,0,1,0,0,0,0,0,1,Single,tomat,,,,,,,
image_0249.jpg,0,0,1,0,0,0,0,0,1,Single,tomat,,,,,,,
image_0250.jpg,0,0,1,0,0,0,0,0,1,Single,tomat,,,,,,,
image_0251.jpg,0,0,1,0,0,0,0,0,1,Single,tomat,,,,,,,
image_0252.jpg,0,0,1,0,0,0,0,0,1,Single,tomat,,,,,,,
image_0253.jpg,0,0,1,0,0,0,0,0,1,Single,tomat,,,,,,,
image_0254.jpg,0,0,1,0,0,0,0,0,1,Single,tomat,,,,,,,
image_0255.jpg,0,0,1,0,0,0,0,0,1,Single,tomat,,,,,,,
image_0256.jpg,0,0,1,0,0,0,0,0,1,Single,tomat,,,,,,,
image_0257.jpg,0,0,1,0,0,0,0,0,1,Single,tomat,,,,,,,
image_0258.jpg,0,0,1,0,0,0,0,0,1,Single,tomat,,,,,,,
image_0259.jpg,0,0,1,0,0,0,0,0,1,Single,tomat,,,,,,,
image_0260.jpg,0,0,1,0,0,0,0,0,1,Single,tomat,,,,,,,
image_0261.jpg,0,0,1,0,0,0,0,0,1,Single,tomat,,,,,,,
image_0262.jpg,0,0,1,0,0,0,0,0,1,Single,tomat,,,,,,,
image_0263.jpg,0,0,1,0,0,0,0,0,1,Single,tomat,,,,,,,
image_0264.jpg,0,0,1,0,0,0,0,0,1,Single,tomat,,,,,,,
image_0265.jpg,0,0,1,0,0,0,0,0,1,Single,tomat,,,,,,,
image_0266.jpg,0,0,1,0,0,0,0,0,1,Single,tomat,,,,,,,
image_0267.jpg,0,0,1,0,0,0,0,0,1,Single,tomat,,,,,,,
image_0268.jpg,0,0,1,0,0,0,0,0,1,Single,tomat,,,,,,,
image_0269.jpg,0,0,1,0,0,0,0,0,1,Single,tomat,,,,,,,
image_0270.jpg,0,0,1,0,0,0,0,0,1,Single,tomat,,,,,,ganti,
image_0271.jpg,0,0,1,0,0,0,0,0,1,Single,tomat,,,,,,,
image_0272.jpg,0,0,1,0,0,0,0,0,1,Single,tomat,,,,,,,
image_0273.jpg,0,0,1,0,0,0,0,0,1,Single,tomat,,,,,,,
image_0274.jpg,0,0,1,0,0,0,0,0,1,Single,tomat,,,,,,,
image_0275.jpg,0,0,1,0,0,0,0,0,1,Single,tomat,,,,,,,
image_0276.jpg,0,0,1,0,0,0,0,0,1,Single,tomat,,,,,,,
image_0277.jpg,0,0,1,0,0,0,0,0,1,Single,tomat,,,,,,,
image_0278.jpg,0,0,1,0,0,0,0,0,1,Single,tomat,,,,,,,
image_0279.jpg,0,0,1,0,0,0,0,0,1,Single,tomat,,,,,,,
image_0280.jpg,0,0,1,0,0,0,0,0,1,Single,tomat,,,,,,,
image_0281.jpg,0,0,1,0,0,0,0,0,1,Single,tomat,,,,,,,
image_0282.jpg,0,0,1,0,0,0,0,0,1,Single,tomat,,,,,,,
image_0283.jpg,0,0,1,0,0,0,0,0,1,Single,tomat,,,,,,,
image_0284.jpg,0,0,1,0,0,0,0,0,1,Single,tomat,,,,,,,
image_0285.jpg,0,0,1,0,0,0,0,0,1,Single,tomat,,,,,,,
image_0286.jpg,0,0,1,0,0,0,0,0,1,Single,tomat,,,,,,,
image_0287.jpg,0,0,1,0,0,0,0,0,1,Single,tomat,,,,,,,
image_0288.jpg,0,0,1,0,0,0,0,0,1,Single,tomat,,,,,,,
image_0289.jpg,0,0,1,0,0,0,0,0,1,Single,tomat,,,,,,,
image_0290.jpg,0,0,1,0,0,0,0,0,1,Single,tomat,,,,,,,
image_0291.jpg,0,0,1,0,0,0,0,0,1,Single,tomat,,,,,,,
image_0292.jpg,0,0,1,0,0,0,0,0,1,Single,tomat,,,,,,,
image_0293.jpg,0,0,1,0,0,0,0,0,1,Single,tomat,,,,,,,
image_0294.jpg,0,0,1,0,0,0,0,0,1,Single,tomat,,,,,,,
image_0295.jpg,0,0,1,0,0,0,0,0,1,Single,tomat,,,,,,,
image_0296.jpg,0,0,1,0,0,0,0,0,1,Single,tomat,,,,,,,
image_0297.jpg,0,0,1,0,0,0,0,0,1,Single,tomat,,,,,,,
image_0298.jpg,0,0,1,0,0,0,0,0,1,Single,tomat,,,,,,,
image_0299.jpg,0,0,1,0,0,0,0,0,1,Single,tomat,,,,,,,
image_0300.jpg,0,0,1,0,0,0,0,0,1,Single,tomat,,,,,,,
image_0301.jpg,0,0,1,0,0,0,0,0,1,Single,tomat,,,,,,,
image_0302.jpg,0,0,1,0,0,0,0,0,1,Single,tomat,,,,,,,
image_0303.jpg,0,0,1,0,0,0,0,0,1,Single,tomat,,,,,,,
image_0304.jpg,0,0,1,0,0,0,0,0,1,Single,tomat,,,,,,,
image_0305.jpg,0,0,1,0,0,0,0,0,1,Single,tomat,,,,,,,
image_0306.jpg,0,0,1,0,0,0,0,0,1,Single,tomat,,,,,,,
image_0307.jpg,0,0,1,0,0,0,0,0,1,Single,tomat,,,,,,,
image_0308.jpg,0,0,1,0,0,0,0,0,1,Single,tomat,,,,,,,
image_0309.jpg,0,0,1,0,0,0,0,0,1,Single,tomat,,,,,,,
image_0310.jpg,0,0,1,0,0,0,0,0,1,Single,tomat,,,,,,,
image_0311.jpg,0,0,1,0,0,0,0,0,1,Single,tomat,,,,,,ganti,
image_0312.jpg,0,0,1,0,0,0,0,0,1,Single,tomat,,,,,,,
image_0313.jpg,0,0,1,0,0,0,0,0,1,Single,tomat,,,,,,,
image_0314.jpg,0,0,1,0,0,0,0,0,1,Single,tomat,,,,,,,
image_0315.jpg,0,0,1,0,0,0,0,0,1,Single,tomat,,,,,,,
image_0316.jpg,0,0,1,0,0,0,0,0,1,Single,tomat,,,,,,,
image_0317.jpg,0,0,1,0,0,0,0,0,1,Single,tomat,,,,,,,
image_0318.jpg,0,0,1,0,0,0,0,0,1,Single,tomat,,,,,,,
image_0319.jpg,0,0,1,0,0,0,0,0,1,Single,tomat,,,,,,,
image_0320.jpg,0,0,1,0,0,0,0,0,1,Single,tomat,,,,,,,
image_0321.jpg,0,0,1,0,0,0,0,0,1,Single,tomat,,,,,,,
image_0322.jpg,0,0,1,0,0,0,0,0,1,Single,tomat,,,,,,,
image_0323.jpg,0,0,1,0,0,0,0,0,1,Single,tomat,,,,,,,
image_0324.jpg,0,0,1,0,0,0,0,0,1,Single,tomat,,,,,,,
image_0325.jpg,0,0,1,0,0,0,0,0,1,Single,tomat,,,,,,,
image_0326.jpg,0,0,1,0,0,0,0,0,1,Single,tomat,,,,,,,
image_0327.jpg,0,0,1,0,0,0,0,0,1,Single,tomat,,,,,,,
image_0328.jpg,0,0,1,0,0,0,0,0,1,Single,tomat,,,,,,,
image_0329.jpg,0,0,1,0,0,0,0,0,1,Single,tomat,,,,,,,
image_0330.jpg,0,0,0,1,0,0,0,0,1,Single,nasi,,,,,,,
image_0331.jpg,0,0,0,1,0,0,0,0,1,Single,nasi,,,,,,,
image_0332.jpg,0,0,0,1,0,0,0,0,1,Single,nasi,,,,,,,
image_0333.jpg,0,0,0,1,0,0,0,0,1,Single,nasi,,,,,,,
image_0334.jpg,0,0,0,1,0,0,0,0,1,Single,nasi,,,,,,,
image_0335.jpg,0,0,0,1,0,0,0,0,1,Single,nasi,,,,,,,
image_0336.jpg,0,0,0,1,0,0,0,0,1,Single,nasi,,,,,,,
image_0337.jpg,0,0,0,1,0,0,0,0,1,Single,nasi,,,,,,,
image_0338.jpg,0,0,0,1,0,0,0,0,1,Single,nasi,,,,,,,
image_0339.jpg,0,0,0,1,0,0,0,0,1,Single,nasi,,,,,,,
image_0340.jpg,0,0,0,1,0,0,0,0,1,Single,nasi,,,,,,,
image_0341.jpg,0,0,0,1,0,0,0,0,1,Single,nasi,,,,,,,
image_0342.jpg,0,0,0,1,0,0,0,0,1,Single,nasi,,,,,,,
image_0343.jpg,0,0,0,1,0,0,0,0,1,Single,nasi,,,,,,,
image_0344.jpg,0,0,0,1,0,0,0,0,1,Single,nasi,,,,,,,
image_0345.jpg,0,0,0,1,0,0,0,0,1,Single,nasi,,,,,,,
image_0346.jpg,0,0,0,1,0,0,0,0,1,Single,nasi,,,,,,,
image_0347.jpg,0,0,0,1,0,0,0,0,1,Single,nasi,,,,,,,
image_0348.jpg,0,0,0,1,0,0,0,0,1,Single,nasi,,,,,,,
image_0349.jpg,0,0,0,1,0,0,0,0,1,Single,nasi,,,,,,,
image_0350.jpg,0,0,0,1,0,0,0,0,1,Single,nasi,,,,,,,
image_0351.jpg,0,0,0,1,0,0,0,0,1,Single,nasi,,,,,,,
image_0352.jpg,0,0,0,1,0,0,0,0,1,Single,nasi,,,,,,,
image_0353.jpg,0,0,0,1,0,0,0,0,1,Single,nasi,,,,,,,
image_0354.jpg,0,0,0,1,0,0,0,0,1,Single,nasi,,,,,,,
image_0355.jpg,0,0,0,1,0,0,0,0,1,Single,nasi,,,,,,,
image_0356.jpg,0,0,0,1,0,0,0,0,1,Single,nasi,,,,,,,
image_0357.jpg,0,0,0,1,0,0,0,0,1,Single,nasi,,,,,,,
image_0358.jpg,0,0,0,1,0,0,0,0,1,Single,nasi,,,,,,,
image_0359.jpg,0,0,0,1,0,0,0,0,1,Single,nasi,,,,,,,
image_0360.jpg,0,0,0,1,0,0,0,0,1,Single,nasi,,,,,,,
image_0361.jpg,0,0,0,1,0,0,0,0,1,Single,nasi,,,,,,,
image_0362.jpg,0,0,0,1,0,0,0,0,1,Single,nasi,,,,,,,
image_0363.jpg,0,0,0,1,0,0,0,0,1,Single,nasi,,,,,,,
image_0364.jpg,0,0,0,1,0,0,0,0,1,Single,nasi,,,,,,,
image_0365.jpg,0,0,0,1,0,0,0,0,1,Single,nasi,,,,,,,
image_0366.jpg,0,0,0,1,0,0,0,0,1,Single,nasi,,,,,,,
image_0367.jpg,0,0,0,1,0,0,0,0,1,Single,nasi,,,,,,,
image_0368.jpg,0,0,0,1,0,0,0,0,1,Single,nasi,,,,,,ganti,
image_0369.jpg,0,0,0,1,0,0,0,0,1,Single,nasi,,,,,,,
image_0370.jpg,0,0,0,1,0,0,0,0,1,Single,nasi,,,,,,,
image_0371.jpg,0,0,0,1,0,0,0,0,1,Single,nasi,,,,,,,
image_0372.jpg,0,0,0,1,0,0,0,0,1,Single,nasi,,,,,,,
image_0373.jpg,0,0,0,1,0,0,0,0,1,Single,nasi,,,,,,,
image_0374.jpg,0,0,0,1,0,0,0,0,1,Single,nasi,,,,,,,
image_0375.jpg,0,0,0,1,0,0,0,0,1,Single,nasi,,,,,,,
image_0376.jpg,0,0,0,1,0,0,0,0,1,Single,nasi,,,,,,,
image_0377.jpg,0,0,0,1,0,0,0,0,1,Single,nasi,,,,,,,
image_0378.jpg,0,0,0,1,0,0,0,0,1,Single,nasi,,,,,,,
image_0379.jpg,0,0,0,1,0,0,0,0,1,Single,nasi,,,,,,,
image_0380.jpg,0,0,0,1,0,0,0,0,1,Single,nasi,,,,,,,
image_0381.jpg,0,0,0,1,0,0,0,0,1,Single,nasi,,,,,,,
image_0382.jpg,0,0,0,1,0,0,0,0,1,Single,nasi,,,,,,,
image_0383.jpg,0,0,0,1,0,0,0,0,1,Single,nasi,,,,,,,
image_0384.jpg,0,0,0,1,0,0,0,0,1,Single,nasi,,,,,,,
image_0385.jpg,0,0,0,1,0,0,0,0,1,Single,nasi,,,,,,,
image_0386.jpg,0,0,0,1,0,0,0,0,1,Single,nasi,,,,,,,
image_0387.jpg,0,0,0,1,0,0,0,0,1,Single,nasi,,,,,,,
image_0388.jpg,0,0,0,1,0,0,0,0,1,Single,nasi,,,,,,,
image_0389.jpg,0,0,0,1,0,0,0,0,1,Single,nasi,,,,,,,
image_0390.jpg,0,0,0,1,0,0,0,0,1,Single,nasi,,,,,,ganti,
image_0391.jpg,0,0,0,1,0,0,0,0,1,Single,nasi,,,,,,,
image_0392.jpg,0,0,0,1,0,0,0,0,1,Single,nasi,,,,,,,
image_0393.jpg,0,0,0,1,0,0,0,0,1,Single,nasi,,,,,,,
image_0394.jpg,0,0,0,1,0,0,0,0,1,Single,nasi,,,,,,,
image_0395.jpg,0,0,0,1,0,0,0,0,1,Single,nasi,,,,,,,
image_0396.jpg,0,0,0,1,0,0,0,0,1,Single,nasi,,,,,,,
image_0397.jpg,0,0,0,1,0,0,0,0,1,Single,nasi,,,,,,,
image_0398.jpg,0,0,0,1,0,0,0,0,1,Single,nasi,,,,,,,
image_0399.jpg,0,0,0,1,0,0,0,0,1,Single,nasi,,,,,,,
image_0400.jpg,0,0,0,1,0,0,0,0,1,Single,nasi,,,,,,,
image_0401.jpg,0,0,0,1,0,0,0,0,1,Single,nasi,,,,,,,
image_0402.jpg,0,0,0,1,0,0,0,0,1,Single,nasi,,,,,,,
image_0403.jpg,0,0,0,1,0,0,0,0,1,Single,nasi,,,,,,,
image_0404.jpg,0,0,0,1,0,0,0,0,1,Single,nasi,,,,,,,
image_0405.jpg,0,0,0,1,0,0,0,0,1,Single,nasi,,,,,,,
image_0406.jpg,0,0,0,1,0,0,0,0,1,Single,nasi,,,,,,,
image_0407.jpg,0,0,0,1,0,0,0,0,1,Single,nasi,,,,,,,
image_0408.jpg,0,0,0,1,0,0,0,0,1,Single,nasi,,,,,,,
image_0409.jpg,0,0,0,1,0,0,0,0,1,Single,nasi,,,,,,,
image_0410.jpg,0,0,0,1,0,0,0,0,1,Single,nasi,,,,,,,
image_0411.jpg,0,1,0,1,0,0,1,0,3,Multi,,,,,,,,
image_0412.jpg,0,0,0,1,0,1,0,0,2,Multi,,,,,,,ilang timun,done
image_0413.jpg,0,0,0,1,0,1,0,0,2,Multi,,,,,,,ilang timun,done
image_0414.jpg,0,1,0,1,0,1,1,0,4,Multi,,,,,,,,
image_0415.jpg,1,0,0,1,0,1,0,0,3,Multi,,,,,,,ilang timun,done
image_0416.jpg,0,0,0,1,0,1,1,0,3,Multi,,,,,,,ilang timun nasi,
image_0417.jpg,0,1,0,1,0,0,1,0,3,Multi,,,,,,,,
image_0418.jpg,0,1,0,1,0,0,0,0,2,Multi,,,,,,,,
image_0419.jpg,0,1,1,1,0,0,1,0,4,Multi,,,,,,,,
image_0420.jpg,0,1,0,1,0,0,0,0,2,Multi,,,,,,,,
image_0421.jpg,0,1,0,1,0,0,0,0,2,Multi,,,,,,,,
image_0422.jpg,0,1,0,1,0,0,0,0,2,Multi,,,,,,,ganti,
image_0423.jpg,0,0,0,1,0,1,1,0,3,Multi,,,,,,,,
image_0424.jpg,0,0,1,1,0,1,1,0,4,Multi,,,,,,,,
image_0425.jpg,0,0,0,1,0,1,1,0,3,Multi,,,,,,,,
image_0426.jpg,0,0,0,1,0,1,1,1,4,Multi,,,,,,,,
image_0427.jpg,0,0,1,1,0,1,1,0,4,Multi,,,,,,,,
image_0428.jpg,0,0,0,1,0,1,0,0,2,Multi,,,,,,,,
image_0429.jpg,0,1,1,1,0,0,0,1,4,Multi,,,,,,,,
image_0430.jpg,0,0,1,1,0,1,0,1,4,Multi,,,,,,,,
image_0431.jpg,0,0,0,1,0,1,1,0,3,Multi,,,,,,,,
image_0432.jpg,0,1,0,1,0,0,0,0,2,Multi,,,,,,,,
image_0433.jpg,0,0,1,1,0,1,1,0,4,Multi,,,,,,,,
image_0434.jpg,0,1,0,1,0,0,1,0,3,Multi,,,,,,,ilang tiimun,
image_0435.jpg,0,0,0,1,0,1,1,0,3,Multi,,,,,,,,
image_0436.jpg,0,1,0,1,0,1,1,0,4,Multi,,,,,,,,
image_0437.jpg,0,1,0,1,0,0,1,0,3,Multi,,,,,,,,
image_0438.jpg,0,0,0,1,0,1,0,0,2,Multi,,,,,,,,
image_0439.jpg,0,0,0,1,0,1,1,0,3,Multi,,,,,,,,
image_0440.jpg,0,0,0,1,0,1,0,0,2,Multi,,,,,,,ganti,
image_0441.jpg,0,0,0,1,0,1,0,0,2,Multi,,,,,,,,
image_0442.jpg,0,1,0,1,0,0,1,0,3,Multi,,,,,,,ganti,
image_0443.jpg,0,1,0,1,0,0,0,0,2,Multi,,,,,,,ganti,
image_0444.jpg,0,1,0,1,0,1,1,0,4,Multi,,,,,,,ilang telor,
image_0445.jpg,0,0,0,1,0,1,0,0,2,Multi,,,,,,,ganti,
image_0446.jpg,0,0,0,1,0,1,0,0,2,Multi,,,,,,,ganti,
image_0447.jpg,0,0,0,1,0,1,1,0,3,Multi,,,,,,,,
image_0448.jpg,0,1,0,1,0,0,0,0,2,Multi,,,,,,,,
image_0449.jpg,0,1,0,1,0,1,1,0,4,Multi,,,,,,,,
image_0450.jpg,0,0,0,0,1,0,0,0,1,Single,ikan,,,,,,ganti,
image_0451.jpg,0,0,0,0,1,0,0,0,1,Single,ikan,,,,,,,
image_0452.jpg,0,0,0,0,1,0,0,0,1,Single,ikan,,,,,,,
image_0453.jpg,0,0,0,0,1,0,0,0,1,Single,ikan,,,,,,,
image_0454.jpg,0,0,0,0,1,0,0,0,1,Single,ikan,,,,,,,
image_0455.jpg,0,0,0,0,1,0,0,0,1,Single,ikan,,,,,,,
image_0456.jpg,0,0,0,0,1,0,0,0,1,Single,ikan,,,,,,,
image_0457.jpg,0,0,0,0,1,0,0,0,1,Single,ikan,,,,,,,
image_0458.jpg,0,0,0,0,1,0,0,0,1,Single,ikan,,,,,,,
image_0459.jpg,0,0,0,0,1,0,0,0,1,Single,ikan,,,,,,,
image_0460.jpg,0,0,0,0,1,0,0,0,1,Single,ikan,,,,,,,
image_0461.jpg,0,0,0,0,1,0,0,0,1,Single,ikan,,,,,,,
image_0462.jpg,0,0,0,0,1,0,0,0,1,Single,ikan,,,,,,,
image_0463.jpg,0,0,0,0,1,0,0,0,1,Single,ikan,,,,,,,
image_0464.jpg,0,0,0,0,1,0,0,0,1,Single,ikan,,,,,,,
image_0465.jpg,0,0,0,0,1,0,0,0,1,Single,ikan,,,,,,,
image_0466.jpg,0,0,0,0,1,0,0,0,1,Single,ikan,,,,,,,
image_0467.jpg,0,0,0,0,1,0,0,0,1,Single,ikan,,,,,,,
image_0468.jpg,0,0,0,0,1,0,0,0,1,Single,ikan,,,,,,,
image_0469.jpg,0,0,0,0,1,0,0,0,1,Single,ikan,,,,,,,
image_0470.jpg,0,0,0,0,1,0,0,0,1,Single,ikan,,,,,,,
image_0471.jpg,0,0,0,0,1,0,0,0,1,Single,ikan,,,,,,,
image_0472.jpg,0,0,0,0,1,0,0,0,1,Single,ikan,,,,,,,
image_0473.jpg,0,0,0,0,1,0,0,0,1,Single,ikan,,,,,,,
image_0474.jpg,0,0,0,0,1,0,0,0,1,Single,ikan,,,,,,,
image_0475.jpg,0,0,0,0,1,0,0,0,1,Single,ikan,,,,,,,
image_0476.jpg,0,0,0,0,1,0,0,0,1,Single,ikan,,,,,,,
image_0477.jpg,0,0,0,0,1,0,0,0,1,Single,ikan,,,,,,,
image_0478.jpg,0,0,0,0,1,0,0,0,1,Single,ikan,,,,,,,
image_0479.jpg,0,0,0,0,1,0,0,0,1,Single,ikan,,,,,,,
image_0480.jpg,0,0,0,0,1,0,0,0,1,Single,ikan,,,,,,,
image_0481.jpg,0,0,0,0,1,0,0,0,1,Single,ikan,,,,,,,
image_0482.jpg,0,0,0,0,1,0,0,0,1,Single,ikan,,,,,,,
image_0483.jpg,0,0,0,0,1,0,0,0,1,Single,ikan,,,,,,,
image_0484.jpg,0,0,0,0,1,0,0,0,1,Single,ikan,,,,,,,
image_0485.jpg,0,0,0,0,1,0,0,0,1,Single,ikan,,,,,,,
image_0486.jpg,0,0,0,0,1,0,0,0,1,Single,ikan,,,,,,,
image_0487.jpg,0,0,0,0,1,0,0,0,1,Single,ikan,,,,,,,
image_0488.jpg,0,0,0,0,1,0,0,0,1,Single,ikan,,,,,,,
image_0489.jpg,0,0,0,0,1,0,0,0,1,Single,ikan,,,,,,,
image_0490.jpg,0,0,0,0,1,0,0,0,1,Single,ikan,,,,,,,
image_0491.jpg,0,0,0,0,1,0,0,0,1,Single,ikan,,,,,,,
image_0492.jpg,0,0,0,0,1,0,0,0,1,Single,ikan,,,,,,,
image_0493.jpg,0,0,0,0,1,0,0,0,1,Single,ikan,,,,,,,
image_0494.jpg,0,0,0,0,1,0,0,0,1,Single,ikan,,,,,,,
image_0495.jpg,0,0,0,0,1,0,0,0,1,Single,ikan,,,,,,,
image_0496.jpg,0,0,0,0,1,0,0,0,1,Single,ikan,,,,,,,
image_0497.jpg,0,0,0,0,1,0,0,0,1,Single,ikan,,,,,,,
image_0498.jpg,0,0,0,0,1,0,0,0,1,Single,ikan,,,,,,,
image_0499.jpg,0,0,0,0,1,0,0,0,1,Single,ikan,,,,,,,
image_0500.jpg,0,0,0,0,1,0,0,0,1,Single,ikan,,,,,,,
image_0501.jpg,0,0,0,0,1,0,0,0,1,Single,ikan,,,,,,,
image_0502.jpg,0,0,0,0,1,0,0,0,1,Single,ikan,,,,,,,
image_0503.jpg,0,0,0,0,1,0,0,0,1,Single,ikan,,,,,,,
image_0504.jpg,0,0,0,0,1,0,0,0,1,Single,ikan,,,,,,,
image_0505.jpg,0,0,0,0,1,0,0,0,1,Single,ikan,,,,,,,
image_0506.jpg,0,0,0,0,1,0,0,0,1,Single,ikan,,,,,,,
image_0507.jpg,0,0,0,0,1,0,0,0,1,Single,ikan,,,,,,,
image_0508.jpg,0,0,0,0,1,0,0,0,1,Single,ikan,,,,,,,
image_0509.jpg,0,0,0,0,1,0,0,0,1,Single,ikan,,,,,,,
image_0510.jpg,0,0,0,0,1,0,0,0,1,Single,ikan,,,,,,,
image_0511.jpg,0,0,0,0,1,0,0,0,1,Single,ikan,,,,,,,
image_0512.jpg,0,0,0,0,1,0,0,0,1,Single,ikan,,,,,,,
image_0513.jpg,0,0,0,0,1,0,0,0,1,Single,ikan,,,,,,,
image_0514.jpg,0,0,0,0,1,0,0,0,1,Single,ikan,,,,,,,
image_0515.jpg,0,0,0,0,1,0,0,0,1,Single,ikan,,,,,,,
image_0516.jpg,0,0,0,0,1,0,0,0,1,Single,ikan,,,,,,,
image_0517.jpg,0,0,0,0,1,0,0,0,1,Single,ikan,,,,,,,
image_0518.jpg,0,0,0,0,1,0,0,0,1,Single,ikan,,,,,,,
image_0519.jpg,0,0,0,0,1,0,0,0,1,Single,ikan,,,,,,,
image_0520.jpg,0,0,0,0,1,0,0,0,1,Single,ikan,,,,,,,
image_0521.jpg,0,0,0,0,1,0,0,0,1,Single,ikan,,,,,,,
image_0522.jpg,0,0,0,0,1,0,0,0,1,Single,ikan,,,,,,,
image_0523.jpg,0,0,0,0,1,0,0,0,1,Single,ikan,,,,,,,
image_0524.jpg,0,0,0,0,1,0,0,0,1,Single,ikan,,,,,,,
image_0525.jpg,0,0,0,0,1,0,0,0,1,Single,ikan,,,,,,,
image_0526.jpg,0,0,0,0,1,0,0,0,1,Single,ikan,,,,,,,
image_0527.jpg,0,0,0,0,1,0,0,0,1,Single,ikan,,,,,,,
image_0528.jpg,0,0,0,0,1,0,0,0,1,Single,ikan,,,,,,,
image_0529.jpg,0,0,0,0,1,0,0,0,1,Single,ikan,,,,,,,
image_0530.jpg,0,0,0,0,1,0,0,0,1,Single,ikan,,,,,,,
image_0531.jpg,0,0,0,0,1,0,0,0,1,Single,ikan,,,,,,,
image_0532.jpg,0,0,0,0,1,0,0,0,1,Single,ikan,,,,,,,
image_0533.jpg,0,0,0,0,1,0,0,0,1,Single,ikan,,,,,,,
image_0534.jpg,0,0,0,0,1,0,0,0,1,Single,ikan,,,,,,,
image_0535.jpg,0,0,0,0,1,0,0,0,1,Single,ikan,,,,,,ganti,
image_0536.jpg,0,0,0,0,1,0,0,0,1,Single,ikan,,,,,,,
image_0537.jpg,0,0,0,0,1,0,0,0,1,Single,ikan,,,,,,,
image_0538.jpg,0,0,0,0,1,0,0,0,1,Single,ikan,,,,,,,
image_0539.jpg,0,0,1,0,1,0,0,0,2,Multi,,,,,,,,
image_0540.jpg,0,0,0,0,1,0,0,1,2,Multi,,,,,,,,
image_0541.jpg,0,0,0,0,1,0,1,0,2,Multi,,,,,,,,
image_0542.jpg,0,0,1,0,1,0,0,1,3,Multi,,,,,,,,
image_0543.jpg,0,0,0,0,1,0,1,1,3,Multi,,,,,,,,
image_0544.jpg,0,0,1,0,1,0,0,0,2,Multi,,,,,,,ilang selada,done
image_0545.jpg,0,0,0,0,1,0,0,1,2,Multi,,,,,,,,
image_0546.jpg,0,0,1,0,1,0,1,1,4,Multi,,,,,,,,
image_0547.jpg,0,0,0,0,1,0,0,1,2,Multi,,,,,,,,
image_0548.jpg,0,0,0,0,1,0,0,0,1,Single,ikan,,,,,,sisa ikan ,done(hapus selda timun tomat)
image_0549.jpg,0,0,0,0,1,0,0,1,2,Multi,,,,,,,,
image_0550.jpg,0,0,0,0,1,0,0,0,1,Single,ikan,,,,,,sisa ikan,done(hapus selda tomat)
image_0551.jpg,0,0,0,0,1,0,0,0,1,Single,ikan,,,,,,,
image_0552.jpg,0,0,1,0,1,0,1,0,3,Multi,,,,,,,,
image_0553.jpg,0,0,1,0,1,0,0,0,2,Multi,,,,,,,ilang selada,done
image_0554.jpg,0,0,1,0,1,0,0,1,3,Multi,,,,,,,ganti,
image_0555.jpg,0,0,1,0,1,0,0,1,3,Multi,,,,,,,ilang selada,
image_0556.jpg,0,0,1,0,1,0,0,0,2,Multi,,,,,,,ilang selada,done
image_0557.jpg,0,0,0,0,1,0,0,1,2,Multi,,,,,,,,
image_0558.jpg,0,0,0,0,1,0,0,1,2,Multi,,,,,,,ganti,
image_0559.jpg,0,0,1,0,1,0,1,0,3,Multi,,,,,,,,
image_0560.jpg,0,0,0,0,1,0,1,0,2,Multi,,,,,,,,
image_0561.jpg,0,0,1,0,1,0,1,0,3,Multi,,,,,,,ilang timun,
image_0562.jpg,0,0,0,0,1,0,1,1,3,Multi,,,,,,,,
image_0563.jpg,0,0,1,0,1,0,0,1,3,Multi,,,,,,,,
image_0564.jpg,0,0,1,0,1,0,1,1,4,Multi,,,,,,,ilang timun selada,
image_0565.jpg,0,0,0,0,1,0,0,1,2,Multi,,,,,,,,
image_0566.jpg,0,0,1,0,1,0,0,0,2,Multi,,,,,,,ilang selada,done
image_0567.jpg,0,0,0,0,1,0,1,0,2,Multi,,,,,,,,
image_0568.jpg,0,0,0,0,1,0,0,0,1,Single,ikan,,,,,,ilang selada,done
image_0569.jpg,0,0,1,1,1,0,0,0,3,Multi,,,,,,,,
image_0570.jpg,0,0,0,1,1,1,1,0,4,Multi,,,,,,,ilang ikan,
image_0571.jpg,0,0,1,0,1,1,1,1,5,Multi,,,,,,,ilang ayam timun selada,
image_0572.jpg,0,0,1,0,1,0,0,0,2,Multi,,,,,,,ilang selada,done
image_0573.jpg,0,0,0,0,1,0,1,0,2,Multi,,,,,,,,
image_0574.jpg,0,0,1,0,1,0,1,1,4,Multi,,,,,,,,
image_0575.jpg,0,0,0,0,1,0,0,1,2,Multi,,,,,,,ganti,
image_0576.jpg,0,0,1,0,1,0,1,0,3,Multi,,,,,,,ilang timun,
image_0577.jpg,0,0,0,0,1,0,1,1,3,Multi,,,,,,,ganti,
image_0578.jpg,0,0,0,1,1,0,0,0,2,Multi,,,,,,,ganti,
image_0579.jpg,0,0,0,0,0,1,0,0,1,Single,ayam,,,,,,,
image_0580.jpg,0,0,0,0,0,1,0,0,1,Single,ayam,,,,,,,
image_0581.jpg,0,0,0,0,0,1,0,0,1,Single,ayam,,,,,,ganti,
image_0582.jpg,0,0,0,0,0,1,0,0,1,Single,ayam,,,,,,,
image_0583.jpg,0,0,0,0,0,1,0,0,1,Single,ayam,,,,,,,
image_0584.jpg,0,0,0,0,0,1,0,0,1,Single,ayam,,,,,,ganti,
image_0585.jpg,0,0,0,0,0,1,0,0,1,Single,ayam,,,,,,,
image_0586.jpg,0,0,0,0,0,1,0,0,1,Single,ayam,,,,,,,
image_0587.jpg,0,0,0,0,0,1,0,0,1,Single,ayam,,,,,,,
image_0588.jpg,0,0,0,0,0,1,0,0,1,Single,ayam,,,,,,,
image_0589.jpg,0,0,0,0,0,1,0,0,1,Single,ayam,,,,,,,
image_0590.jpg,0,0,0,0,0,1,0,0,1,Single,ayam,,,,,,,
image_0591.jpg,0,0,0,0,0,1,0,0,1,Single,ayam,,,,,,,
image_0592.jpg,0,0,0,0,0,1,0,0,1,Single,ayam,,,,,,,
image_0593.jpg,0,0,0,0,0,1,0,0,1,Single,ayam,,,,,,,
image_0594.jpg,0,0,0,0,0,1,0,0,1,Single,ayam,,,,,,,
image_0595.jpg,0,0,0,0,0,1,0,0,1,Single,ayam,,,,,,,
image_0596.jpg,0,0,0,0,0,1,0,0,1,Single,ayam,,,,,,,
image_0597.jpg,0,0,0,0,0,1,0,0,1,Single,ayam,,,,,,,
image_0598.jpg,0,0,0,0,0,1,0,0,1,Single,ayam,,,,,,,
image_0599.jpg,0,0,0,0,0,1,0,0,1,Single,ayam,,,,,,ganti,
image_0600.jpg,0,0,0,0,0,1,0,0,1,Single,ayam,,,,,,,
image_0601.jpg,0,0,0,0,0,1,0,0,1,Single,ayam,,,,,,,
image_0602.jpg,0,0,0,0,0,1,0,0,1,Single,ayam,,,,,,,
image_0603.jpg,0,0,0,0,0,1,0,0,1,Single,ayam,,,,,,,
image_0604.jpg,0,0,0,0,0,1,0,0,1,Single,ayam,,,,,,,
image_0605.jpg,0,0,0,0,0,1,0,0,1,Single,ayam,,,,,,,
image_0606.jpg,0,0,0,0,0,1,0,0,1,Single,ayam,,,,,,,
image_0607.jpg,0,0,0,0,0,1,0,0,1,Single,ayam,,,,,,,
image_0608.jpg,0,0,0,0,0,1,0,0,1,Single,ayam,,,,,,,
image_0609.jpg,0,0,0,0,0,1,0,0,1,Single,ayam,,,,,,,
image_0610.jpg,0,0,0,0,0,1,0,0,1,Single,ayam,,,,,,,
image_0611.jpg,0,0,0,0,0,1,0,0,1,Single,ayam,,,,,,,
image_0612.jpg,0,0,0,0,0,1,0,0,1,Single,ayam,,,,,,,
image_0613.jpg,0,0,0,0,0,1,0,0,1,Single,ayam,,,,,,,
image_0614.jpg,0,0,0,0,0,1,0,0,1,Single,ayam,,,,,,,
image_0615.jpg,0,0,0,0,0,1,0,0,1,Single,ayam,,,,,,,
image_0616.jpg,0,0,0,0,0,1,0,0,1,Single,ayam,,,,,,,
image_0617.jpg,0,0,0,0,0,1,0,0,1,Single,ayam,,,,,,,
image_0618.jpg,0,0,0,0,0,1,0,0,1,Single,ayam,,,,,,,
image_0619.jpg,0,0,0,0,0,1,0,0,1,Single,ayam,,,,,,,
image_0620.jpg,0,0,0,0,0,1,0,0,1,Single,ayam,,,,,,,
image_0621.jpg,0,0,0,0,0,1,0,0,1,Single,ayam,,,,,,,
image_0622.jpg,0,0,0,0,0,1,0,0,1,Single,ayam,,,,,,,
image_0623.jpg,0,0,0,0,0,1,0,0,1,Single,ayam,,,,,,,
image_0624.jpg,0,0,0,0,0,1,0,0,1,Single,ayam,,,,,,,
image_0625.jpg,0,0,0,0,0,1,0,0,1,Single,ayam,,,,,,,
image_0626.jpg,0,0,0,0,0,1,0,0,1,Single,ayam,,,,,,,
image_0627.jpg,0,0,0,0,0,1,0,0,1,Single,ayam,,,,,,,
image_0628.jpg,0,0,0,0,0,1,0,0,1,Single,ayam,,,,,,,
image_0629.jpg,0,0,0,0,0,1,0,0,1,Single,ayam,,,,,,,
image_0630.jpg,0,0,0,0,0,1,0,0,1,Single,ayam,,,,,,,
image_0631.jpg,0,0,0,0,0,1,0,0,1,Single,ayam,,,,,,ganti,
image_0632.jpg,0,0,0,0,0,1,0,0,1,Single,ayam,,,,,,,
image_0633.jpg,0,0,0,0,0,1,0,0,1,Single,ayam,,,,,,,
image_0634.jpg,0,0,0,0,0,1,0,0,1,Single,ayam,,,,,,,
image_0635.jpg,0,0,0,0,0,1,0,0,1,Single,ayam,,,,,,,
image_0636.jpg,0,0,0,0,0,1,0,0,1,Single,ayam,,,,,,,
image_0637.jpg,0,0,0,0,0,1,0,0,1,Single,ayam,,,,,,,
image_0638.jpg,0,0,0,0,0,1,0,0,1,Single,ayam,,,,,,,
image_0639.jpg,0,0,0,0,0,1,0,0,1,Single,ayam,,,,,,ganti,
image_0640.jpg,0,0,0,0,0,1,0,0,1,Single,ayam,,,,,,,
image_0641.jpg,0,0,0,0,0,1,0,0,1,Single,ayam,,,,,,,
image_0642.jpg,0,0,0,0,0,1,0,0,1,Single,ayam,,,,,,,
image_0643.jpg,0,0,0,0,0,1,0,0,1,Single,ayam,,,,,,,
image_0644.jpg,0,0,0,0,0,1,0,0,1,Single,ayam,,,,,,,
image_0645.jpg,0,0,0,0,0,1,0,0,1,Single,ayam,,,,,,,
image_0646.jpg,0,0,0,0,0,1,0,0,1,Single,ayam,,,,,,,
image_0647.jpg,0,0,0,0,0,1,0,0,1,Single,ayam,,,,,,,
image_0648.jpg,0,0,0,0,0,1,0,0,1,Single,ayam,,,,,,,
image_0649.jpg,0,0,0,0,0,1,1,0,2,Multi,,,,,,,ganti,
image_0650.jpg,0,0,0,1,0,1,0,0,2,Multi,,,,,,,ganti,
image_0651.jpg,0,0,0,1,0,1,1,0,3,Multi,,,,,,,,
image_0652.jpg,0,0,1,0,0,1,1,0,3,Multi,,,,,,,,
image_0653.jpg,0,0,0,1,0,1,0,0,2,Multi,,,,,,,,
image_0654.jpg,0,0,0,1,0,1,0,0,2,Multi,,,,,,,,
image_0655.jpg,0,0,1,0,0,1,0,0,2,Multi,,,,,,,,
image_0656.jpg,1,1,0,1,0,1,0,0,4,Multi,,,,,,,ilang nasi mi,
image_0657.jpg,0,0,0,1,0,1,0,0,2,Multi,,,,,,,ganti,
image_0658.jpg,0,0,0,1,0,1,0,0,2,Multi,,,,,,,ganti,
image_0659.jpg,0,1,0,1,0,1,1,0,4,Multi,,,,,,,ganti,
image_0660.jpg,0,0,0,1,0,1,0,0,2,Multi,,,,,,,ganti,
image_0661.jpg,0,0,0,1,0,1,1,1,4,Multi,,,,,,,ilang timun selada,
image_0662.jpg,0,0,0,1,0,1,1,1,4,Multi,,,,,,,,
image_0663.jpg,0,0,0,1,0,1,0,0,2,Multi,,,,,,,ganti,
image_0664.jpg,0,0,0,1,0,1,1,1,4,Multi,,,,,,,,
image_0665.jpg,0,0,0,1,0,1,1,1,4,Multi,,,,,,,,
image_0666.jpeg,0,0,0,1,0,1,1,0,3,Multi,,,,,,,ilang nasi,
image_0667.jpg,0,0,0,1,0,1,1,1,4,Multi,,,,,,,,
image_0668.jpg,0,0,1,0,0,1,0,0,2,Multi,,,,,,,ganti,
image_0669.jpg,1,0,0,0,0,1,0,0,2,Multi,,,,,,,,
image_0670.jpg,0,0,1,1,0,1,1,1,5,Multi,,,,,,,,
image_0671.jpg,0,0,0,1,0,1,1,1,4,Multi,,,,,,,ilang timun selada,
image_0672.jpg,0,0,0,1,0,1,0,0,2,Multi,,,,,,,ganti,
image_0673.jpg,0,0,0,1,0,1,1,1,4,Multi,,,,,,,ilang selada,
image_0674.jpg,0,0,0,0,0,1,0,0,1,Single,ayam,,,,,,,
image_0675.jpg,0,0,0,0,0,1,0,0,1,Single,ayam,,,,,,,
image_0676.jpg,0,0,0,0,0,1,0,0,1,Single,ayam,,,,,,,
image_0677.jpg,0,0,0,0,0,1,0,0,1,Single,ayam,,,,,,,
image_0678.jpg,0,0,0,0,0,1,0,0,1,Single,ayam,,,,,,,
image_0679.jpg,0,0,0,0,0,1,0,0,1,Single,ayam,,,,,,,
image_0680.jpg,0,0,0,0,0,1,0,0,1,Single,ayam,,,,,,,
image_0681.jpg,0,0,0,0,0,1,0,0,1,Single,ayam,,,,,,,
image_0682.jpg,0,0,0,0,0,1,0,0,1,Single,ayam,,,,,,,
image_0683.jpg,0,0,0,0,0,1,0,0,1,Single,ayam,,,,,,,
image_0684.jpg,0,0,0,0,0,1,0,0,1,Single,ayam,,,,,,,
image_0685.jpg,0,0,0,0,0,1,0,0,1,Single,ayam,,,,,,,
image_0686.jpg,0,0,0,0,0,1,0,0,1,Single,ayam,,,,,,,
image_0687.jpg,0,0,0,0,0,1,0,0,1,Single,ayam,,,,,,,
image_0688.jpg,0,0,0,0,0,1,0,0,1,Single,ayam,,,,,,,
image_0689.jpg,0,0,0,0,0,1,0,0,1,Single,ayam,,,,,,,
image_0690.jpg,0,0,0,0,0,1,0,0,1,Single,ayam,,,,,,,
image_0691.jpg,0,0,0,0,0,1,0,0,1,Single,ayam,,,,,,,
image_0692.jpg,0,0,0,0,0,1,0,0,1,Single,ayam,,,,,,,
image_0693.jpg,0,0,0,0,0,1,0,0,1,Single,ayam,,,,,,,
image_0694.jpg,0,0,0,0,0,1,0,0,1,Single,ayam,,,,,,,
image_0695.jpg,0,0,0,0,0,1,0,0,1,Single,ayam,,,,,,,
image_0696.jpg,0,0,0,0,0,1,0,0,1,Single,ayam,,,,,,,
image_0697.jpg,0,0,0,0,0,1,0,0,1,Single,ayam,,,,,,,
image_0698.jpg,0,0,0,0,0,1,0,0,1,Single,ayam,,,,,,,
image_0699.jpg,0,0,1,0,0,1,0,1,3,Multi,,,,,,,ilang tomat ayam selada,
image_0700.jpg,0,0,0,0,0,1,1,0,2,Multi,,,,,,,ilang timun,
image_0701.jpg,0,0,1,0,0,1,1,1,4,Multi,,,,,,,ganti,
image_0702.jpg,0,0,0,0,0,1,1,1,3,Multi,,,,,,,,
image_0703.jpg,0,0,1,0,0,1,0,0,2,Multi,,,,,,,,
image_0704.jpg,0,0,1,0,0,1,0,0,2,Multi,,,,,,,,
image_0705.jpg,0,0,1,0,0,1,0,1,3,Multi,,,,,,,ilang selada,
image_0706.jpg,0,0,1,0,0,1,0,1,3,Multi,,,,,,,ilang selada,
image_0707.jpg,0,0,0,1,0,1,0,0,2,Multi,,,,,,,,
image_0708.jpg,0,0,1,0,0,1,0,0,2,Multi,,,,,,,ilang selada,done
image_0709.jpg,0,0,1,1,0,1,1,1,5,Multi,,,,,,,ganti,
image_0710.jpg,0,0,1,0,0,1,1,1,4,Multi,,,,,,,ganti,
image_0711.jpg,0,0,1,0,0,1,1,1,4,Multi,,,,,,,ganti,
image_0712.jpg,0,0,0,0,0,1,1,0,2,Multi,,,,,,,,
image_0713.jpg,0,0,0,0,0,0,1,0,1,Single,timun,,,,,,,
image_0714.jpg,0,0,0,0,0,0,1,0,1,Single,timun,,,,,,,
image_0715.jpg,0,0,0,0,0,0,1,0,1,Single,timun,,,,,,,
image_0716.jpg,0,0,0,0,0,0,1,0,1,Single,timun,,,,,,,
image_0717.jpg,0,0,0,0,0,0,1,0,1,Single,timun,,,,,,,
image_0718.jpg,0,0,0,0,0,0,1,0,1,Single,timun,,,,,,,
image_0719.jpg,0,0,0,0,0,0,1,0,1,Single,timun,,,,,,,
image_0720.jpg,0,0,0,0,0,0,1,0,1,Single,timun,,,,,,,
image_0721.jpg,0,0,0,0,0,0,1,0,1,Single,timun,,,,,,,
image_0722.jpg,0,0,0,0,0,0,1,0,1,Single,timun,,,,,,,
image_0723.jpg,0,0,0,0,0,0,1,0,1,Single,timun,,,,,,,
image_0724.jpg,0,0,0,0,0,0,1,0,1,Single,timun,,,,,,,
image_0725.jpg,0,0,0,0,0,0,1,0,1,Single,timun,,,,,,,
image_0726.jpg,0,0,0,0,0,0,1,0,1,Single,timun,,,,,,,
image_0727.jpg,0,0,0,0,0,0,1,0,1,Single,timun,,,,,,,
image_0728.jpg,0,0,0,0,0,0,1,0,1,Single,timun,,,,,,,
image_0729.jpg,0,0,0,0,0,0,1,0,1,Single,timun,,,,,,,
image_0730.jpg,0,0,0,0,0,0,1,0,1,Single,timun,,,,,,,
image_0731.jpg,0,0,0,0,0,0,1,0,1,Single,timun,,,,,,,
image_0732.jpg,0,0,0,0,0,0,1,0,1,Single,timun,,,,,,,
image_0733.jpg,0,0,0,0,0,0,1,0,1,Single,timun,,,,,,,
image_0734.jpg,0,0,0,0,0,0,1,0,1,Single,timun,,,,,,,
image_0735.jpg,0,0,0,0,0,0,1,0,1,Single,timun,,,,,,,
image_0736.jpg,0,0,0,0,0,0,1,0,1,Single,timun,,,,,,,
image_0737.jpg,0,0,0,0,0,0,1,0,1,Single,timun,,,,,,,
image_0738.jpg,0,0,0,0,0,0,1,0,1,Single,timun,,,,,,,
image_0739.jpg,0,0,0,0,0,0,1,0,1,Single,timun,,,,,,,
image_0740.jpg,0,0,0,0,0,0,1,0,1,Single,timun,,,,,,,
image_0741.jpg,0,0,0,0,0,0,1,0,1,Single,timun,,,,,,,
image_0742.jpg,0,0,0,0,0,0,1,0,1,Single,timun,,,,,,,
image_0743.jpg,0,0,0,0,0,0,1,0,1,Single,timun,,,,,,,
image_0744.jpg,0,0,0,0,0,0,1,0,1,Single,timun,,,,,,,
image_0745.jpg,0,0,0,0,0,0,1,0,1,Single,timun,,,,,,,
image_0746.jpg,0,0,0,0,0,0,1,0,1,Single,timun,,,,,,,
image_0747.jpg,0,0,0,0,0,0,1,0,1,Single,timun,,,,,,,
image_0748.jpg,0,0,0,0,0,0,1,0,1,Single,timun,,,,,,,
image_0749.jpg,0,0,0,0,0,0,1,0,1,Single,timun,,,,,,,
image_0750.jpg,0,0,0,0,0,0,1,0,1,Single,timun,,,,,,,
image_0751.jpg,0,0,0,0,0,0,1,0,1,Single,timun,,,,,,,
image_0752.jpg,0,0,0,0,0,0,1,0,1,Single,timun,,,,,,,
image_0753.jpg,0,0,0,0,0,0,1,0,1,Single,timun,,,,,,,
image_0754.jpg,0,0,0,0,0,0,1,0,1,Single,timun,,,,,,,
image_0755.jpg,0,0,0,0,0,0,1,0,1,Single,timun,,,,,,,
image_0756.jpg,0,0,0,0,0,0,1,0,1,Single,timun,,,,,,,
image_0757.jpg,0,0,0,0,0,0,1,0,1,Single,timun,,,,,,,
image_0758.jpg,0,0,0,0,0,0,1,0,1,Single,timun,,,,,,,
image_0759.jpg,0,0,0,0,0,0,1,0,1,Single,timun,,,,,,,
image_0760.jpg,0,0,0,0,0,0,1,0,1,Single,timun,,,,,,,
image_0761.jpg,0,0,0,0,0,0,1,0,1,Single,timun,,,,,,,
image_0762.jpg,0,0,0,0,0,0,1,0,1,Single,timun,,,,,,,
image_0763.jpg,0,0,0,0,0,0,1,0,1,Single,timun,,,,,,,
image_0764.jpg,0,0,0,0,0,0,1,0,1,Single,timun,,,,,,,
image_0765.jpg,0,0,0,0,0,0,1,0,1,Single,timun,,,,,,,
image_0766.jpg,0,0,0,0,0,0,1,0,1,Single,timun,,,,,,,
image_0767.jpg,0,0,0,0,0,0,1,0,1,Single,timun,,,,,,,
image_0768.jpg,0,0,0,0,0,0,1,0,1,Single,timun,,,,,,,
image_0769.jpg,0,0,0,0,0,0,1,0,1,Single,timun,,,,,,,
image_0770.jpg,0,0,0,0,0,0,1,0,1,Single,timun,,,,,,,
image_0771.jpg,0,0,0,0,0,0,1,0,1,Single,timun,,,,,,,
image_0772.jpg,0,0,0,0,0,0,1,0,1,Single,timun,,,,,,,
image_0773.jpg,0,0,0,0,0,0,1,0,1,Single,timun,,,,,,,
image_0774.jpg,0,0,0,0,0,0,1,0,1,Single,timun,,,,,,,
image_0775.jpg,0,0,0,0,0,0,1,0,1,Single,timun,,,,,,,
image_0776.jpg,0,0,0,0,0,0,1,0,1,Single,timun,,,,,,,
image_0777.jpg,0,0,0,0,0,0,1,0,1,Single,timun,,,,,,ganti,
image_0778.jpg,0,0,0,0,0,0,1,0,1,Single,timun,,,,,,,
image_0779.jpg,0,0,0,0,0,0,1,0,1,Single,timun,,,,,,,
image_0780.jpg,0,0,0,0,0,0,1,0,1,Single,timun,,,,,,,
image_0781.jpg,0,0,0,0,0,0,1,0,1,Single,timun,,,,,,,
image_0782.jpg,0,0,0,0,0,0,1,0,1,Single,timun,,,,,,,
image_0783.jpg,0,0,0,0,0,0,1,0,1,Single,timun,,,,,,,
image_0784.jpg,0,0,0,0,0,0,1,0,1,Single,timun,,,,,,,
image_0785.jpg,0,0,0,0,0,0,1,0,1,Single,timun,,,,,,,
image_0786.jpg,0,0,0,0,0,0,1,0,1,Single,timun,,,,,,ganti,
image_0787.jpg,0,0,0,0,0,0,1,0,1,Single,timun,,,,,,,
image_0788.jpg,0,0,0,0,0,0,1,0,1,Single,timun,,,,,,,
image_0789.jpg,0,0,0,0,0,0,1,0,1,Single,timun,,,,,,,
image_0790.jpg,0,0,0,0,0,0,1,0,1,Single,timun,,,,,,,
image_0791.jpg,0,0,0,0,0,0,1,0,1,Single,timun,,,,,,,
image_0792.jpg,0,0,0,0,0,0,0,1,1,Single,selada,,,,,,,
image_0793.jpg,0,0,0,0,0,0,0,1,1,Single,selada,,,,,,,
image_0794.jpg,0,0,0,0,0,0,0,1,1,Single,selada,,,,,,,
image_0795.jpg,0,0,0,0,0,0,0,1,1,Single,selada,,,,,,,
image_0796.jpg,0,0,0,0,0,0,0,1,1,Single,selada,,,,,,,
image_0797.jpg,0,0,0,0,0,0,0,1,1,Single,selada,,,,,,,
image_0798.jpg,0,0,0,0,0,0,0,1,1,Single,selada,,,,,,,
image_0799.jpg,0,0,0,0,0,0,0,1,1,Single,selada,,,,,,ganti,
image_0800.jpg,0,0,0,0,0,0,0,1,1,Single,selada,,,,,,,
image_0801.jpg,0,0,0,0,0,0,0,1,1,Single,selada,,,,,,,
image_0802.jpg,0,0,0,0,0,0,0,1,1,Single,selada,,,,,,ganti,
image_0803.jpg,0,0,0,0,0,0,0,1,1,Single,selada,,,,,,,
image_0804.jpg,0,0,0,0,0,0,0,1,1,Single,selada,,,,,,,
image_0805.jpg,0,0,0,0,0,0,0,1,1,Single,selada,,,,,,,
image_0806.jpg,0,0,0,0,0,0,0,1,1,Single,selada,,,,,,,
image_0807.jpg,0,0,0,0,0,0,0,1,1,Single,selada,,,,,,,
image_0808.jpg,0,0,0,0,0,0,0,1,1,Single,selada,,,,,,,
image_0809.jpg,0,0,0,0,0,0,0,1,1,Single,selada,,,,,,ganti,
image_0810.jpg,0,0,0,0,0,0,0,1,1,Single,selada,,,,,,,
image_0811.jpg,0,0,0,0,0,0,0,1,1,Single,selada,,,,,,,
image_0812.jpg,0,0,0,0,0,0,0,1,1,Single,selada,,,,,,,
image_0813.jpg,0,0,0,0,0,0,0,1,1,Single,selada,,,,,,ganti,
image_0814.jpg,0,0,0,0,0,0,0,1,1,Single,selada,,,,,,,
image_0815.jpg,0,0,0,0,0,0,0,1,1,Single,selada,,,,,,,
image_0816.jpg,0,0,0,0,0,0,0,1,1,Single,selada,,,,,,,
image_0817.jpg,0,0,0,0,0,0,0,1,1,Single,selada,,,,,,ganti,
image_0818.jpg,0,0,0,0,0,0,0,1,1,Single,selada,,,,,,,
image_0819.jpg,0,0,0,0,0,0,0,1,1,Single,selada,,,,,,ganti,
image_0820.jpg,0,0,0,0,0,0,0,1,1,Single,selada,,,,,,,
image_0821.jpg,0,0,0,0,0,0,0,1,1,Single,selada,,,,,,ganti,
image_0822.jpg,0,0,0,0,0,0,0,1,1,Single,selada,,,,,,,
image_0823.jpg,0,0,0,0,0,0,0,1,1,Single,selada,,,,,,,
image_0824.jpg,0,0,0,0,0,0,0,1,1,Single,selada,,,,,,,
image_0825.jpg,0,0,0,0,0,0,0,1,1,Single,selada,,,,,,,
image_0826.jpg,0,0,0,0,0,0,0,1,1,Single,selada,,,,,,,
image_0827.jpg,0,0,0,0,0,0,0,1,1,Single,selada,,,,,,,
image_0828.jpg,0,0,0,0,0,0,0,1,1,Single,selada,,,,,,,
image_0829.jpg,0,0,0,0,0,0,0,1,1,Single,selada,,,,,,,
image_0830.jpg,0,0,0,0,0,0,0,1,1,Single,selada,,,,,,,
image_0831.jpg,0,0,0,0,0,0,0,1,1,Single,selada,,,,,,,
image_0832.jpg,0,0,0,0,0,0,0,1,1,Single,selada,,,,,,,
image_0833.jpg,0,0,0,0,0,0,0,1,1,Single,selada,,,,,,,
image_0834.jpg,0,0,0,0,0,0,0,1,1,Single,selada,,,,,,,
image_0835.jpg,0,0,0,0,0,0,0,1,1,Single,selada,,,,,,,
image_0836.jpg,0,0,0,0,0,0,0,1,1,Single,selada,,,,,,,
image_0837.jpg,0,0,0,0,0,0,0,1,1,Single,selada,,,,,,,
image_0838.jpg,0,0,0,0,0,0,0,1,1,Single,selada,,,,,,,
image_0839.jpg,0,0,0,0,0,0,0,1,1,Single,selada,,,,,,,
image_0840.jpg,0,0,0,0,0,0,0,1,1,Single,selada,,,,,,,
image_0841.jpg,0,0,0,0,0,0,0,1,1,Single,selada,,,,,,,
image_0842.jpg,0,0,0,0,0,0,0,1,1,Single,selada,,,,,,,
image_0843.jpg,0,0,0,0,0,0,0,1,1,Single,selada,,,,,,,
image_0844.jpg,0,0,0,0,0,0,0,1,1,Single,selada,,,,,,,
image_0845.jpg,0,0,0,0,0,0,0,1,1,Single,selada,,,,,,,
image_0846.jpg,0,0,0,0,0,0,0,1,1,Single,selada,,,,,,,
image_0847.jpg,0,0,0,0,0,0,0,1,1,Single,selada,,,,,,,
image_0848.jpg,0,0,0,0,0,0,0,1,1,Single,selada,,,,,,ganti,
image_0849.jpg,0,0,0,0,0,0,0,1,1,Single,selada,,,,,,ganti,
image_0850.jpg,0,0,0,0,0,0,0,1,1,Single,selada,,,,,,,
image_0851.jpg,0,0,0,0,0,0,0,1,1,Single,selada,,,,,,,
image_0852.jpg,0,0,0,0,0,0,0,1,1,Single,selada,,,,,,,
image_0853.jpg,0,0,0,0,0,0,0,1,1,Single,selada,,,,,,,
image_0854.jpg,0,0,0,0,0,0,0,1,1,Single,selada,,,,,,,
image_0855.jpg,0,0,0,0,0,0,0,1,1,Single,selada,,,,,,,
image_0856.jpg,0,0,0,0,0,0,0,1,1,Single,selada,,,,,,,
image_0857.jpg,0,0,0,0,0,0,0,1,1,Single,selada,,,,,,,
image_0858.jpg,0,0,0,0,0,0,0,1,1,Single,selada,,,,,,,
image_0859.jpg,0,0,0,0,0,0,0,1,1,Single,selada,,,,,,,
image_0860.jpg,0,0,0,0,0,0,0,1,1,Single,selada,,,,,,,
image_0861.jpg,0,0,0,0,0,0,0,1,1,Single,selada,,,,,,,
image_0862.jpg,0,0,0,0,0,0,0,1,1,Single,selada,,,,,,ganti,
image_0863.jpg,0,0,0,0,0,0,0,1,1,Single,selada,,,,,,ganti,
image_0864.jpg,0,0,0,0,0,0,0,1,1,Single,selada,,,,,,ganti,
image_0865.jpg,0,0,0,0,0,0,0,1,1,Single,selada,,,,,,,
image_0866.jpg,0,0,0,0,0,0,0,1,1,Single,selada,,,,,,,
image_0867.jpg,0,0,0,0,0,0,0,1,1,Single,selada,,,,,,,
image_0868.jpg,0,0,0,0,0,0,0,1,1,Single,selada,,,,,,,
image_0869.jpg,0,0,0,0,0,0,0,1,1,Single,selada,,,,,,,
image_0870.jpg,0,0,0,0,0,0,0,1,1,Single,selada,,,,,,,
image_0871.jpg,0,0,0,0,0,0,0,1,1,Single,selada,,,,,,ganti,
image_0872.jpg,0,0,0,1,0,0,0,0,1,Single,nasi,,,,,,,
image_0873.jpg,0,0,0,1,0,0,0,0,1,Single,nasi,,,,,,,
image_0874.jpg,0,0,0,1,0,0,0,0,1,Single,nasi,,,,,,,
image_0875.jpg,0,0,0,1,0,0,0,0,1,Single,nasi,,,,,,,
image_0876.jpg,0,0,0,1,0,0,0,0,1,Single,nasi,,,,,,,
image_0877.jpg,0,0,0,1,0,0,0,0,1,Single,nasi,,,,,,,
image_0878.jpg,0,0,0,1,0,0,0,0,1,Single,nasi,,,,,,,
image_0879.jpg,0,0,0,1,0,0,0,0,1,Single,nasi,,,,,,,
image_0880.jpg,0,0,0,1,0,0,0,0,1,Single,nasi,,,,,,,
image_0881.jpg,0,0,0,1,0,0,0,0,1,Single,nasi,,,,,,,
image_0882.jpg,0,0,0,1,0,0,0,0,1,Single,nasi,,,,,,,
image_0883.jpg,0,0,0,1,0,0,0,0,1,Single,nasi,,,,,,,
image_0884.jpg,0,0,0,1,0,0,0,0,1,Single,nasi,,,,,,,
image_0885.jpg,0,0,0,1,0,0,0,0,1,Single,nasi,,,,,,,
image_0886.jpg,0,0,0,1,0,0,0,0,1,Single,nasi,,,,,,,
image_0887.jpg,0,0,0,1,0,0,0,0,1,Single,nasi,,,,,,,
image_0888.jpg,0,0,0,1,0,0,0,0,1,Single,nasi,,,,,,,
image_0889.jpg,0,0,0,1,0,0,0,0,1,Single,nasi,,,,,,,
image_0890.jpg,0,0,0,1,0,0,0,0,1,Single,nasi,,,,,,,
image_0891.jpg,0,0,0,1,0,0,0,0,1,Single,nasi,,,,,,,
image_0892.jpg,0,0,0,1,0,0,0,0,1,Single,nasi,,,,,,,
image_0893.jpg,0,0,0,1,0,0,0,0,1,Single,nasi,,,,,,,
image_0894.jpg,0,0,0,1,0,0,0,0,1,Single,nasi,,,,,,,
image_0895.jpg,0,0,0,1,0,0,0,0,1,Single,nasi,,,,,,,
image_0896.jpg,0,0,0,1,0,0,0,0,1,Single,nasi,,,,,,,
image_0897.jpg,0,0,0,1,0,0,0,0,1,Single,nasi,,,,,,,
image_0898.jpg,0,0,0,1,0,0,0,0,1,Single,nasi,,,,,,,
image_0899.jpg,0,0,0,1,0,0,0,0,1,Single,nasi,,,,,,,
image_0900.jpg,0,0,0,1,0,0,0,0,1,Single,nasi,,,,,,,
image_0901.jpg,0,0,0,1,0,0,0,0,1,Single,nasi,,,,,,,
image_0902.jpg,0,0,0,1,0,0,0,0,1,Single,nasi,,,,,,,
image_0903.jpg,0,0,0,1,0,0,0,0,1,Single,nasi,,,,,,,
image_0904.jpg,0,0,0,1,0,0,0,0,1,Single,nasi,,,,,,,
image_0905.jpg,0,0,0,1,0,0,0,0,1,Single,nasi,,,,,,,
image_0906.jpg,0,0,0,1,0,0,0,0,1,Single,nasi,,,,,,,
image_0907.jpg,0,0,0,1,0,0,0,0,1,Single,nasi,,,,,,,
image_0908.jpg,0,0,0,1,0,0,0,0,1,Single,nasi,,,,,,,
image_0909.jpg,0,0,0,1,0,0,0,0,1,Single,nasi,,,,,,,
image_0910.jpg,0,0,0,1,0,0,0,0,1,Single,nasi,,,,,,,
image_0911.jpg,0,0,0,1,0,0,0,0,1,Single,nasi,,,,,,,
image_0912.jpg,0,0,0,1,0,0,0,0,1,Single,nasi,,,,,,,
image_0913.jpg,0,0,0,1,0,0,0,0,1,Single,nasi,,,,,,,
image_0914.jpg,0,0,0,1,0,0,0,0,1,Single,nasi,,,,,,,
image_0915.jpg,0,0,0,1,0,0,0,0,1,Single,nasi,,,,,,,
image_0916.jpg,0,0,0,1,0,0,0,0,1,Single,nasi,,,,,,,
image_0917.jpg,0,0,0,1,0,0,0,0,1,Single,nasi,,,,,,,
image_0918.jpg,0,0,0,1,0,0,0,0,1,Single,nasi,,,,,,,
image_0919.jpg,0,0,0,1,0,0,0,0,1,Single,nasi,,,,,,,
image_0920.jpg,0,0,0,1,0,0,0,0,1,Single,nasi,,,,,,,
image_0921.jpg,0,0,0,1,0,0,0,0,1,Single,nasi,,,,,,,
image_0922.jpg,0,0,0,1,0,0,0,0,1,Single,nasi,,,,,,,
image_0923.jpg,0,0,0,1,0,0,0,0,1,Single,nasi,,,,,,,
image_0924.jpg,0,0,0,1,0,0,0,0,1,Single,nasi,,,,,,,
image_0925.jpg,0,0,0,1,0,0,0,0,1,Single,nasi,,,,,,,
image_0926.jpg,0,0,0,1,0,0,0,0,1,Single,nasi,,,,,,,
image_0927.jpg,0,0,0,1,0,0,0,0,1,Single,nasi,,,,,,,
image_0928.jpg,0,0,0,1,0,0,0,0,1,Single,nasi,,,,,,ganti,
image_0929.jpg,0,0,0,1,0,0,0,0,1,Single,nasi,,,,,,,
image_0930.jpg,0,0,0,1,0,0,0,0,1,Single,nasi,,,,,,,
image_0931.jpg,0,0,0,1,0,0,0,0,1,Single,nasi,,,,,,,
image_0932.jpg,0,1,1,1,0,0,1,0,4,Multi,,,,,,,,
image_0933.jpg,0,1,1,1,0,0,1,0,4,Multi,,,,,,,ilang selada,done
image_0934.jpg,0,1,1,1,0,0,1,0,4,Multi,,,,,,,,
image_0935.jpg,0,1,1,1,0,0,0,0,3,Multi,,,,,,,ilang timun,done
image_0936.jpg,0,1,0,1,0,0,0,0,2,Multi,,,,,,,ilang telur,
image_0937.jpg,0,1,0,1,0,0,0,0,2,Multi,,,,,,,,
image_0938.jpg,0,1,0,1,0,0,0,0,2,Multi,,,,,,,,
image_0939.jpg,0,1,1,1,0,0,1,0,4,Multi,,,,,,,ilang selada,done
image_0940.jpg,0,1,1,1,0,0,0,0,3,Multi,,,,,,,ilang selada,done
image_0941.jpg,0,1,0,1,0,0,0,0,2,Multi,,,,,,,ilang tomat timun,done
image_0942.jpg,0,1,0,1,0,0,1,0,3,Multi,,,,,,,ilang timun,
image_0943.jpg,0,1,1,1,0,0,1,0,4,Multi,,,,,,,ilang selada,done
image_0944.jpg,0,1,1,1,0,0,1,1,5,Multi,,,,,,,ilang timun selada,
image_0945.jpg,0,1,1,1,0,0,1,0,4,Multi,,,,,,,ganti,
image_0946.jpg,0,1,1,1,0,0,0,0,3,Multi,,,,,,,,
image_0947.jpg,0,1,1,1,0,0,1,0,4,Multi,,,,,,,ilang selada,done
image_0948.jpg,0,1,0,1,0,0,0,0,2,Multi,,,,,,,,
image_0949.jpg,0,1,0,1,0,0,0,0,2,Multi,,,,,,,,
image_0950.jpg,0,1,1,1,0,0,1,0,4,Multi,,,,,,,,
image_0951.jpg,0,0,0,1,0,0,0,0,1,Single,nasi,,,,,,ilang selada,done
image_0952.jpg,0,0,0,1,0,0,1,0,2,Multi,,,,,,,ganti,
image_0953.jpg,0,1,1,1,0,0,1,1,5,Multi,,,,,,,,
image_0954.jpg,0,0,0,1,0,1,1,0,3,Multi,,,,,,,,
image_0955.jpg,0,1,0,1,0,0,0,0,2,Multi,,,,,,,ganti,
image_0956.jpg,0,0,0,1,0,0,0,1,2,Multi,,,,,,,ganti,
image_0957.jpg,0,0,1,1,0,0,1,1,4,Multi,,,,,,,ganti,
image_0958.jpg,0,1,0,1,0,0,1,0,3,Multi,,,,,,,ilang tomat timun,done
image_0959.jpg,0,1,0,1,0,0,0,0,2,Multi,,,,,,,ilang tomat timun selada,done
image_0960.jpg,0,1,0,1,0,0,0,0,2,Multi,,,,,,,,
image_0961.jpg,0,0,1,1,0,0,1,0,3,Multi,,,,,,,,
image_0962.jpg,0,1,0,1,0,0,0,0,2,Multi,,,,,,,,
image_0963.jpg,0,1,1,1,0,0,1,0,4,Multi,,,,,,,,
image_0964.jpg,0,1,1,1,0,0,1,0,4,Multi,,,,,,,,
image_0965.jpg,0,1,0,1,0,0,0,0,2,Multi,,,,,,,,
image_0966.jpg,0,1,1,1,0,0,0,0,3,Multi,,,,,,,ilang selada,done
image_0967.jpg,0,0,1,1,0,0,0,1,3,Multi,,,,,,,,
image_0968.jpg,0,0,0,1,0,0,1,1,3,Multi,,,,,,,ganti,
image_0969.jpg,0,1,0,1,0,0,0,0,2,Multi,,,,,,,,
image_0970.jpg,0,0,1,1,0,0,1,0,3,Multi,,,,,,,kerupukny transparan,
image_0971.jpg,0,1,1,1,0,0,1,1,5,Multi,,,,,,,,
image_0972.jpg,0,0,1,1,0,0,0,0,2,Multi,,,,,,,"coba ganti, lauknya krg spesifik",done
image_0973.jpg,0,0,1,1,0,0,0,1,3,Multi,,,,,,,,
image_0974.jpg,0,1,1,1,0,0,1,1,5,Multi,,,,,,,,
image_0975.jpg,0,1,1,1,0,0,1,1,5,Multi,,,,,,,,
image_0976.jpg,0,0,0,1,0,1,0,0,2,Multi,,,,,,,,
image_0977.jpg,0,0,0,1,0,1,0,0,2,Multi,,,,,,,ganti,
image_0978.jpg,0,0,1,1,0,0,0,0,2,Multi,,,,,,,,
image_0979.jpg,0,1,0,1,0,1,0,0,3,Multi,,,,,,,,
image_0980.jpg,0,0,1,1,0,0,0,0,2,Multi,,,,,,,ilang timun selada,done
image_0981.jpg,0,0,1,1,0,0,0,0,2,Multi,,,,,,,ilang timun,done
image_0982.jpg,0,1,0,1,0,0,1,0,3,Multi,,,,,,,,